Crunchbase Rank,Company Name,Total Funding,Number of Employees,Scraped Jobs Count
11,Coinbase,567309825,1001-5000,1136
11,Polygon,450450000,251-500,238
18,CoinDCX,243991362,251-500,46
20,Animoca Brands,1341462762,101-250,
23,Digital Currency Group,1300000000,51-100,21
26,NYDIG,1405000000,251-500,
34,Gemini,423903059,501-1000,251
36,Algorand,126000000,51-100,10
41,CertiK,300200000,101-250,
47,Amber Group,328000000,251-500,75
47,Amber Group,328000000,251-500,4
49,CoinList,119200000,11-50,79
68,Axie Infinity,9000000,11-50,
70,Wyre,29146000,101-250,13
82,OpenSea,427220000,101-250,200
85,Terra,58000000,11-50,38
86,Republic,214025000,101-250,
96,Argent,56211318,11-50,13
125,LayerZero Labs,143300000,11-50,5
137,NEAR Protocol,533700000,101-250,102
137,NEAR Protocol,533700000,101-250,7
145,Robinhood,5574623000,1001-5000,
148,Helium,364800000,101-250,14
152,Matrixport,100000000,101-250,30
155,DFINITY,166875499,101-250,131
173,Blockdaemon,398230000,101-250,93
178,Yuga Labs,450000000,11-50,
180,Figment,165009947,1-10,91
213,Circle,1111000000,501-1000,128
224,Solana,335760000,101-250,33
224,Solana,335760000,101-250,7
224,Solana,335760000,101-250,4
272,2TM,250300000,501-1000,
275,PolySign,80181196,11-50,2
279,21Shares,7959342,11-50,
290,Voyager,100110545,11-50,
334,StarkWare Industries,173000000,51-100,12
336,Ziglu,22918764,51-100,1
337,0x,108999960,11-50,33
352,Brave,42000000,101-250,73
353,Celsius Network,864260000,251-500,121
358,Binance.US,200000000,251-500,1
359,Securitize,100200000,51-100,16
361,Ledger,467959856,501-1000,114
393,Ava Labs,290050000,101-250,105
403,5ire,121000000,51-100,2
444,Forte,910000000,101-250,6
456,Worldcoin,125000000,101-250,66
469,Ethereum Foundation,18400000,51-100,19
469,Ethereum Foundation,18400000,51-100,9
470,Abra,148577110,51-100,23
474,Yield Guild Games Southeast Asia,15500000,101-250,
507,Flipside Crypto,61500000,11-50,17
523,Blockchain Capital,10000000,11-50,2
526,Bitso,378350000,251-500,85
541,BlockTower Capital,140000000,11-50,
542,Dapper Labs,607450000,101-250,135
542,Dapper Labs,607450000,101-250,7
543,Gate.io,64000000,101-250,13
549,Fasset,26700000,11-50,
573,WonderFi,49086002,11-50,
578,Crowdz,25767000,11-50,20
601,Aave,49000000,11-50,86
607,Bitpanda,546013472,501-1000,31
633,FTX US,400000000,101-250,26
637,Huobi,2000000,1001-5000,
638,Decentraland,25500000,1-10,
684,Stellar Development Foundation,3000000,51-100,78
704,Optimism,178500000,1-10,40
734,Prime Trust,69000000,251-500,
757,Aptos,200000000,11-50,22
757,Aptos,200000000,11-50,14
763,BitMart,10000000,11-50,
773,BlockApps,44121905,101-250,
782,Gitcoin,11800000,1-10,3
793,"Mintbase, Inc.",14500000,11-50,
812,Mina,136650000,,11
812,Mina,136650000,,1
823,Boba Network,45000000,11-50,
827,ConsenSys,725000000,501-1000,343
827,ConsenSys,725000000,501-1000,6
835,Drip Capital,375120000,101-250,
843,Serum,120150000,1-10,
858,Figure,1551588888,251-500,163
859,bitsCrunch,4350000,11-50,
906,RockX,6000000,11-50,
910,Afterparty,7000000,11-50,
910,Functionland,2215000,1-10,
919,Community Gaming,18475000,51-100,3
930,STEPN,5000000,11-50,
988,Okcoin,10000000,251-500,327
999,Enjin,61900000,51-100,
1052,Ankr,27320000,11-50,37
1052,Ankr,27320000,11-50,13
1060,Venly,24685283,11-50,3
1079,Gem,12500000,11-50,5
1109,RealBlocks,10820000,11-50,
1126,Bitwise,84500000,11-50,18
1128,Blockmetrix,89882000,1-10,
1130,dYdX,87000000,11-50,29
1146,Magic Eden,29500000,1-10,34
1151,Coinpanion,6522294,11-50,
1172,Minka,27500000,11-50,
1178,Rarible,15950000,1-10,46
1183,Dfns,14592408,11-50,
1200,Blockstream,299000000,101-250,38
1229,Roll,10120000,11-50,
1231,Nervos Network,128000000,11-50,2
1239,BitGo,69500000,101-250,362
1239,BitGo,69500000,101-250,1
1240,Recur,55000000,11-50,235
1240,Recur,55000000,11-50,1
1262,TRM Labs,79900000,51-100,34
1318,Vauld,27000000,11-50,84
1328,Spruce,41500000,1-10,1
1363,Nexo,52500000,101-250,22
1384,Unstoppable Domains,6955997,101-250,45
1393,KuCoin,20000000,501-1000,
1419,Chainlink,32000000,1-10,251
1419,Chainlink,32000000,1-10,108
1431,Core Scientific,169000000,101-250,
1433,CoinTracker,101620000,11-50,1
1449,Syndicate,27800000,,9
1472,Harmony,18000000,11-50,15
1487,Qredo,108513562,11-50,24
1499,Fractal,35000000,1-10,6
1499,Fractal,35000000,1-10,1
1504,Mudrex,9750000,11-50,
1511,Mythical Games,260000000,101-250,46
1519,Wirex,22861145,101-250,64
1521,Arweave,22000000,11-50,
1576,Tangany,7791221,11-50,52
1577,Decrypt,10000000,11-50,
1583,Zenith Chain,36340000,11-50,
1675,Airfox,26200000,51-100,
1682,Storj,35400000,51-100,1
1691,Zapper,17000000,11-50,7
1699,Aleo,228000000,11-50,
1704,Polychain,10000000,11-50,
1746,BlockFi,1008681673,501-1000,300
1763,OneOf,63000000,11-50,5
1823,Elly (previously: Eligma),22305180,11-50,
1847,RTFKT,9500000,1-10,
1847,Nym Technologies,21500000,11-50,3
1852,Ancient8,4000000,11-50,
1890,Dune Analytics,79420000,11-50,
1896,Propy,16701010,101-250,
1932,Stacks,93780000,51-100,2
1940,Chia Network,69695000,11-50,3
1955,Celo,66500000,11-50,32
1955,Celo,66500000,11-50,23
1969,Amberdata,47000000,11-50,
1982,Hyperithm,12800000,11-50,
2017,BitDAO,230000000,,
2054,NEO,100000000,501-1000,
2103,Altonomy,7000000,11-50,18
2116,Nansen,88200000,51-100,
2138,Anchor Protocol,20000000,,
2139,Bitstamp,12400000,101-250,70
2161,Ripple,293800000,501-1000,587
2195,Uniswap Customer Support,5100000,1-10,
2232,Dunamu,155738218,251-500,
2259,imToken,40000000,51-100,
2274,Coinme,19080000,51-100,36
2276,Ceras Ventures,30000000,11-50,
2314,Gauntlet,44788552,11-50,17
2357,Zebpay,1125000,51-100,
2378,Yield Guild Games,22400000,11-50,3
2446,The Labz,2844841,1-10,
2471,iTrustCapital Inc.,128000000,101-250,
2473,Eco,94500000,11-50,43
2499,Robot Ventures,1000000,,
2508,Kikitrade,18000000,11-50,9
2511,Pocket Network,20050000,11-50,
2514,Composable Finance,39000000,11-50,24
2530,Flexa,20100000,1-10,4
2531,BAYZ,4000000,,
2556,Autograph,205000000,51-100,87
2561,Bitfarms,250002687,101-250,
2563,Patientory,7200000,1-10,
2589,SEBA Bank,246850606,101-250,
2596,Splinterlands,7300000,11-50,4
2598,Phantom,118000000,11-50,35
2619,Luna Foundation Guard,1000000000,,
2636,Kadena,14975000,11-50,1
2647,Hashdex,25451529,11-50,1
2677,Digital Asset,307200000,101-250,
2697,BreederDAO,10000000,11-50,1
2703,Banger,11622825,11-50,
2748,Biconomy,22000000,1-10,6
2769,Lemon Cash,17350000,51-100,23
2786,Loco,52343970,11-50,
2788,Exodus,60000000,,2
2840,Axelar,63750000,11-50,11
2866,DIA,15000000,11-50,
2902,Loopring,45000000,1-10,
2937,Polemos,16000000,11-50,
2943,Qurable,2000000,11-50,
2959,LATOKEN,18000000,11-50,34
2977,CoinRoutes,34000000,11-50,
3011,Flippy,1205000,11-50,
3031,Zilliqa,1000000,51-100,12
3060,Ethereum Push Notification Service,11510000,1-10,19
3082,BitOasis,30000000,11-50,3
3142,Pintu,41000000,1-10,
3167,Transak,2960000,11-50,4
3295,Cosmos Network,17000000,51-100,11
3296,WISeKey,256639757,101-250,
3298,Kraken,136100000,1001-5000,291
3360,Ramp,63942437,51-100,12
3375,CoreChain Technologies,5450000,1-10,
3376,Mercuryo,10459501,51-100,
3379,tZERO,144000000,51-100,
3403,QuickNode,40800000,11-50,12
3453,Framework Ventures,,11-50,6
3463,ULTRA,5000000,11-50,3
3491,AscendEX,50000000,,
3493,Bit2Me,35924248,101-250,
3505,DappRadar,7316931,11-50,3
3542,Origin Protocol,38155763,11-50,8
3556,Compound,33200000,11-50,11
3556,Compound,33200000,11-50,8
3578,Binance,25000000,251-500,742
3582,Paradigm,,11-50,107
3588,ShapeShift,12790845,51-100,8
3630,Sky Mavis,311000000,11-50,28
3633,Greenidge,148500000,11-50,
3640,Casa,6100000,11-50,8
3641,EthSign,12650000,1-10,
3697,Cion Digital,12000000,11-50,
3722,Coinbase Ventures,,,
3736,Home Lending Pal,4465000,11-50,
3749,Finblox,3900000,1-10,1
3770,Colendi,32500000,11-50,
3794,ZenLedger,10900000,11-50,1
3809,Genesis Digital Assets,556000000,11-50,
3817,MetaLend,5000000,,
3829,WOO Network,52000000,51-100,106
3855,HIVE Blockchain,286440404,11-50,
3887,Argo Blockchain,119626180,11-50,
3894,MakersPlace,34000000,1-10,13
3897,Axoni,89774999,101-250,40
3901,Ocean Protocol,28100000,51-100,
3904,Earnity,15000000,11-50,
3910,Agoric,36000000,1-10,4
3920,Chronicled,36300000,101-250,15
3929,FTX Exchange,1828690000,101-250,
3930,Upshot,29500000,1-10,10
3933,Uphold,74900000,101-250,36
3961,Ren,34000000,11-50,2
3961,Ren,34000000,11-50,1
3963,Radix,6000000,11-50,
3964,Rally,57000000,11-50,1
3967,IMVU,64000000,251-500,
3968,Marathon Digital,620000000,,
3989,Injective Protocol,17100000,11-50,13
4029,Gensyn,7489776,,
4038,1Konto,3800000,1-10,
4043,Theta Labs,113000000,11-50,
4167,Compute North,419828422,101-250,
4231,Oasis Labs,45000000,11-50,5
4231,Oasis Labs,45000000,11-50,3
4243,Offchain Labs,123700000,11-50,26
4245,Fei Protocol,19000000,1-10,7
4245,Fei Protocol,19000000,1-10,1
4246,ChromaWay,10000000,11-50,
4300,Chainalysis,366600000,251-500,436
4308,Stader Labs,16500000,1-10,9
4336,SpiderOak,18179822,11-50,
4362,Ponto,20000000,11-50,10
4363,Cardano Foundation,62246134,11-50,
4371,Wintermute Trading,23800000,1-10,1
4379,Babel Finance,40000000,101-250,
4385,CoinSmart,14901232,11-50,
4387,TrustToken,34200000,11-50,
4432,Mysten Labs,36000000,11-50,29
4448,Korbit,82085373,101-250,5
4467,Yellow Card,16500000,101-250,18
4504,Indicio.tech,3500000,11-50,
4515,Fireblocks,1039000000,101-250,122
4532,Wilder World,36000000,1-10,3
4547,VALR,54900000,1-10,12
4560,HUB Security,55000000,501-1000,
4562,double jump.tokyo,25334475,11-50,
4568,Pluto Digital,44576937,11-50,
4573,Guardian Link,12000000,251-500,
4591,Nuri,49174004,101-250,112
4591,Tokensoft,4000000,,2
4614,TeraWulf,200000000,101-250,
4628,Paxos,538477868,101-250,104
4628,Fractional,23944987,11-50,35
4652,Currency.com,8000000,101-250,
4707,AlphaPoint,23150000,51-100,18
4708,PDAX | Philippine Digital Asset Exchange,63598548,11-50,
4742,Project Galaxy,10000000,1-10,
4748,Newton.co,34721408,11-50,
4761,Bitski,23310000,1-10,33
4801,Milo,23000000,11-50,
4820,Chiliz,66000000,101-250,
4838,3Commas,3000000,11-50,
4839,Moralis,13434721,11-50,
4855,Index Coop,9950000,51-100,
4856,Arrington XRP Capital,,1-10,
4901,Bitcoin Suisse AG,46254182,101-250,
4940,Torch.AI,30000000,51-100,
4947,Coinsquare,98470114,51-100,39
4982,Bitrefill,9100000,11-50,9
4984,Bancor,152310000,101-250,
4997,Simplex,19000000,101-250,
5037,SuperRare,9000000,1-10,33
5039,Delta One,9100000,,
5052,Tokens.com,37924040,1-10,
5109,Treehouse Finance,20350000,51-100,1
5110,Star Atlas,10000000,11-50,3
5114,Flare Network,11300000,11-50,4
5120,Onyze,1297609,11-50,
5141,CoinSwitch Kuber,300603815,101-250,88
5143,White Sands,8000000,1-10,
5146,Solidus Labs,38500000,11-50,15
5200,BitFlyer,37529618,11-50,2
5232,Alchemy,563903667,251-500,98
5232,Alchemy,563903667,251-500,57
5293,ultiverse,9500000,,
5327,SIMBA Chain,28500000,11-50,6
5352,WalletConnect,12500000,1-10,10
5377,VeriTX,4500000,1-10,
5394,Matter Labs,58000000,1-10,36
5421,TMGcore,70000000,101-250,
5457,VIA,19220932,11-50,
5460,COTI,500000,11-50,
5506,Prometheum,42000000,11-50,
5515,BitClout,200000000,1-10,
5525,Tenderly,58630000,11-50,
5562,Lido,143000000,,7
5618,Klaytn,90000000,101-250,
5647,Airtm,24700000,51-100,
5696,Bithumb,200000000,101-250,
5735,1kx,0,1-10,1
5749,Aleph Zero,16300000,11-50,
5753,Shakepay,35984093,51-100,77
5761,HyperProof,22281000,11-50,
5765,IXX.com,5000000,11-50,
5803,River Financial,17700000,51-100,32
5812,Upland,20000000,51-100,
5847,FTX Ventures,,,
5865,ErisX,47500000,11-50,7
5867,Umee,38300000,,1
5925,Bybit,,,35
5937,Thirdweb,5000000,1-10,2
5937,Baller Mixed Reality,1000000,1-10,
5939,Nomad,22400000,,
5943,Spring Labs,68750000,51-100,21
5943,Spring Labs,68750000,51-100,9
5944,Celestia,1500000,1-10,4
5956,Tendermint,9000000,11-50,39
5960,Block Tackle,5000000,,
6016,Taki,3450000,,
6018,Diginex,107575035,11-50,
6039,Fantom Foundation,40000000,11-50,1
6048,Talos Trading,40000000,11-50,
6083,Concept Art House,25000000,51-100,18
6139,CMS Holdings,0,1001-5000,
6208,Zama,51600000,11-50,
6220,POAP,10000000,11-50,9
6236,ParaFi Capital,0,1-10,
6250,InfStones,81700000,11-50,
6285,Crypterium,21647612,101-250,
6314,Iron Fish,32900000,1-10,2
6325,Avocado Guild,18000000,11-50,
6381,Cantaloupe,103832800,101-250,
6397,Tagomi,40725857,11-50,
6404,Delta Exchange,5000000,11-50,7
6456,Cake DeFi,2400000,11-50,18
6533,Subspace Labs,37975000,11-50,12
6533,Subspace Labs,37975000,11-50,10
6534,Saddle Finance,11800000,1-10,
6537,Paradigm,36650000,11-50,107
6549,Merkle Science,6553425,1-10,9
6550,CoinFLEX,11250000,51-100,1
6558,Stardust,6700000,1-10,16
6587,YellowHeart,3700000,1-10,
6591,Fetch.AI,26000000,11-50,
6617,Starlight,5400000,1-10,
6627,prePO,3200000,,3
6642,Metaversal,67809980,11-50,
6695,Zap Solutions,18404901,11-50,
6695,Set Labs,16000000,11-50,21
6722,Minds,17381300,11-50,1
6733,WAX (Worldwide Asset eXchange),42000000,51-100,
6758,Turing Chain,700575,1-10,
6761,Securrency,64450000,101-250,4
6779,SFOX,23120000,11-50,19
6806,Coincheck,1093531,11-50,
6843,GamerGains Lab,5800000,1-10,
6854,Web3Auth,15000000,11-50,15
6872,Celer Network,6100000,11-50,3
6884,Provenance,6549806,11-50,7
6884,Provenance,6549806,11-50,5
6887,Space Runners,10000000,1-10,
6892,"The INX Digital Company, Inc",96472202,51-100,
6914,Zerion,10200000,11-50,11
6920,Maple Finance,2700000,1-10,7
7011,Ribbon Finance,8800000,,3
7046,Stacked,36500000,11-50,22
7047,BiLira,3657258,11-50,
7053,Manta Network,6600000,,8
7083,Entropy,1950000,1-10,
7180,ADDX,57896427,51-100,2
7194,TraceX Technologies,995453,,
7213,The TIE,9000000,1-10,3
7219,Finoa,25017305,51-100,
7258,CENTRE,40000000,1-10,3
7269,OAK Network,5500000,11-50,
7276,Dropp,15000000,11-50,
7279,Shorter Finance,4000000,51-100,
7368,SwissBorg,52441500,11-50,203
7368,SwissBorg,52441500,11-50,1
7381,HackerNoon,2569993,1-10,
7385,B2C2,37400000,11-50,
7450,Notabene,12500000,11-50,26
7455,Delphi Digital,,11-50,1
7515,Lucid Green,14301250,11-50,
7527,FungyProof,1000000,1-10,
7585,Sweet,10145497,11-50,
7678,KnCMiner,32000000,101-250,
7686,Mask Network,48850000,51-100,6
7688,Queen of Raw,1460000,11-50,
7697,Mad Realities,6000000,1-10,
7798,Staax,1820000,1-10,
7803,Liquid Global,252640594,101-250,
7808,XMTP,25000000,,
7817,Elementus,16300000,1-10,
7847,Change,22252872,51-100,45
7855,Synthetix,46050000,11-50,3
7860,Quidax,3620000,11-50,6
7877,Novel,6000000,11-50,8
7908,Iris Energy,186000000,11-50,
7912,RabbitHole,21600000,11-50,16
7932,Circulor,19838824,11-50,
7960,Itheum,5975000,11-50,
7964,Aspen Digital,8800000,11-50,
8049,Naga,37658102,101-250,
8056,Anchorage,487000000,101-250,
8076,Bitkub Capital Group Holdings,10900000,501-1000,
8095,TradeBlock,53127330,11-50,20
8095,TradeBlock,53127330,11-50,2
8101,Measure Protocol,2623295,1-10,
8120,Hut 8 Mining,39008561,11-50,
8155,Nifty Island,20000000,11-50,
8197,XYO,13635000,51-100,
8207,Applied Blockchain,85000000,1-10,9
8213,Lysto,2993692,1-10,
8239,Concordium,30270000,11-50,
8252,Venice Swap,100000000,1-10,
8252,Nobul,50000000,11-50,
8256,IndiGG,6000000,1-10,
8297,Flint,5100000,1-10,
8299,Apto Payments,7800000,51-100,
8364,Battlebound,4800000,,7
8368,Civitas,20000000,,
8390,Wombat Exchange,5250000,,1
8391,Boson Protocol,35806686,11-50,35
8402,PECULIUM,18688932,11-50,
8428,Tassat Group,45398924,11-50,
8443,Proof of Learn,15000000,1-10,
8456,Connext,15745000,1-10,20
8497,Bitt,31000000,51-100,2
8538,Bullish Global,300000000,,
8555,Footium,3350000,1-10,
8559,Faraway,29000000,11-50,10
8572,Electric Capital,0,1-10,7
8575,Ethereum,,1-10,19
8575,Ethereum,,1-10,9
8596,Lygon,18249000,11-50,
8624,bitbank,79414385,101-250,
8655,PARSIQ,3000000,1-10,
8657,Hashflow,3200000,11-50,3
8662,AnChain.ai,16300000,11-50,
8675,KarmaCheck,19200000,11-50,
8706,Grayscale Bitcoin Trust,383750000,11-50,
8721,GRIID,525000000,11-50,
8726,DEIP,4300000,11-50,
8741,Enjinstarter,8000000,1-10,
8754,Digital Prime Technologies,1017500,1-10,
8779,Mojito,20000000,,16
8847,Minima,9000000,1-10,
8900,Crypto Finance AG,36819519,51-100,30
8920,Marqeta,530110000,501-1000,
8937,Immutable,279798976,101-250,137
9019,Gnosis,12500000,11-50,49
9045,BTCS,3150000,11-50,
9051,Virtually Human Studio,20000000,101-250,27
9053,Civic,35750000,11-50,
9089,Eizper Chain,2000000,,
9130,Coinhouse,25142758,51-100,20
9139,Hack VC,0,1-10,11
9189,CipherTrace,45100378,51-100,
9194,Utrust,21000000,51-100,
9234,XanPool,31400000,11-50,
9241,Loop Crypto,4000000,1-10,8
9260,BlockSpaces,7260000,11-50,
9324,BRD,54845792,11-50,
9346,Fnality International,63318230,11-50,
9347,Forta Protocol,23000000,,
9363,Bakkt,932500000,501-1000,133
9365,Ignite Tournaments,10000000,11-50,
9389,Fonbnk,5120000,11-50,
9414,Cobo,60000000,51-100,
9442,CoinPayments,893491,11-50,
9459,Ember Fund,5990000,1-10,
9474,Metadome (formerly Adloid),4000000,101-250,
9486,Firefly Exchange,30065000,11-50,
9513,Multichain,120000000,,
9522,BetDEX,21000000,11-50,5
9522,BetDEX,21000000,11-50,4
9548,Horizon Blockchain Games,13260000,11-50,55
9552,Polymath Network,58719888,11-50,
9558,CAMPFIRE,75220917,51-100,
9564,Cryptopay,18065000,1-10,
9573,Banxa,13939206,101-250,
9618,Good Games Guild,1700000,,
9759,Symbiont,36610000,51-100,15
9760,Phi Labs,21000000,,1
9849,Floating Point Group,12000000,11-50,20
9862,Fabriik,32000000,101-250,
9867,Dock,20000000,11-50,
9947,Data Mynt,1800000,11-50,2
10017,Aztec Protocol,19100000,11-50,11
10020,The Block,3500000,11-50,64
10046,CMT Digital Ventures,,1-10,
10074,GSR,,251-500,207
10074,GSR,,251-500,3
10132,SingularityNET,41000000,51-100,
10176,NFT3,7500000,1-10,
10268,TrueFi,12500000,11-50,
10408,Interlay,9540000,11-50,2
10409,Syarpa,815000,1-10,
10453,Espresso Systems,35100000,1-10,
10463,Moonwell Finance,10000000,1-10,
10504,PumaPay,117019041,11-50,
10505,Vega Protocol,10000000,11-50,3
10540,BTCBOX,1727849,11-50,
10609,Mangata Finance,5600000,11-50,
10636,CoinShares,,11-50,
10650,Valour,13860000,1-10,
10662,StrongBlock,4000000,1-10,
10705,Solve.Care,30230000,101-250,
10756,Hubble Protocol,13600000,1-10,
10766,Multis,9350000,1-10,5
10771,Conduit,17000000,1-10,
10788,Burnt Finance,14000000,11-50,29
10800,Transpose,3000000,1-10,
10814,Mirror World,4000000,11-50,
10819,Blocktrade,25788301,11-50,
10832,DeHorizon,8500000,11-50,
10835,Slingshot Finance,18100000,1-10,
10854,Unbanked,2753025,11-50,
10860,O(1) Labs,29400000,11-50,5
10882,Affyn,27000000,11-50,
10903,Blockpit GmbH,12693945,11-50,
10909,Harbor,76000000,1-10,1
10959,Structure,20000000,,
10980,Coinfirm,8500000,101-250,1
11004,Unlock,5675000,1-10,2
11035,The Kingdom,3600000,1-10,
11063,CryptoKitties,23000000,11-50,
11104,Block Earner,4500000,11-50,
11144,CERE Network,10100000,11-50,1
11146,Portal,8758000,1-10,
11198,Data Gumbo,22650000,51-100,
11204,Provenance Blockchain,40000000,1-10,
11257,Bitwave,7250000,11-50,9
11260,ClayStack,5200000,11-50,3
11296,Joystream,5850000,,
11331,Luno,13801819,51-100,118
11348,Dibbs,15800000,11-50,
11353,IPOR Labs,5550000,11-50,
11410,ThunderCore,51810000,11-50,
11424,Authena,3688104,11-50,
11438,SKALE Labs,22100000,11-50,4
11449,Quantstamp,3245000,11-50,
11458,Context,19500000,,
11519,Pyypl,11000000,251-500,
11557,RNDR Token,30000000,51-100,
11572,Templum,34439142,11-50,1
11580,Astra Protocol,9000000,,
11589,Colexion,13000000,11-50,
11612,Rebel,62111288,51-100,
11615,Numerai,27500000,11-50,
11630,Coinmama,2400000,11-50,
11702,PROFICIO,13100000,51-100,
11733,GK8,12000000,11-50,
11746,Aragon,26000000,11-50,1
11751,ZenSports,5478376,11-50,
11757,API3,3000000,1-10,9
11769,Thesis,21000000,,6
11770,Krypto,2080000,1-10,
11777,Unblocked,15000000,11-50,
11789,Thetanuts Finance,18000000,,
11807,Gro,7100000,11-50,12
11810,Horizen Labs,11000000,11-50,28
11810,Horizen Labs,11000000,11-50,2
11811,vlinder,106201,11-50,
11834,Cybrid,3018880,11-50,
11841,Blocknative,19000000,11-50,23
11860,Gameflip,8500000,11-50,
11875,Trust Machines,150000000,,5
11949,Blocklancer,300000,1-10,
11982,LunarCrush,2120000,11-50,
12037,Blofin,72000000,,
12042,Third Time Entertainment,3500000,11-50,
12099,Current Mobile,40000000,11-50,
12104,LD Capital,,11-50,
12106,Flow Blockchain,18000000,101-250,
12117,Parity Technologies,5750000,51-100,194
12123,Osmosis Foundation,21000000,,5
12154,Monolith,16700000,11-50,
12161,Robot Cache,11700000,11-50,
12234,Kava Labs,1200000,11-50,22
12234,Kava Labs,1200000,11-50,1
12250,Spacemesh,18200000,11-50,5
12259,Chain,43700000,11-50,118
12259,Chain,43700000,11-50,37
12259,Chain,43700000,11-50,24
12344,True-Tickets,11332501,11-50,
12377,Coincover,11592068,11-50,
12388,InvestaX,150000,11-50,
12405,TokenInsight,2000000,11-50,
12441,Cabital,4000000,51-100,
12462,Coinweb,4000000,11-50,
12467,Stakes,5300000,1-10,
12476,Rarify,12000000,1-10,2
12521,Mint Songs,4250000,11-50,3
12524,Delysium,4000000,,
12542,Trailblazer Games,8200000,1-10,
12547,LedgerX,13900000,11-50,
12565,Applied Blockchain,4568269,11-50,9
12581,Live Bash,40825000,1-10,
12600,Opyn,9110000,1-10,8
12617,Tesseract,25371782,11-50,1
12629,TransCrypts,850182,1-10,
12672,Akt,29967701,51-100,
12701,Sorare,739245791,51-100,
12761,Terra Virtua,2500000,11-50,
12774,GlobaliD,6000000,51-100,1
12786,Hex Trust,104000000,51-100,
12837,Streetbeat,12000000,11-50,
12857,Coin Metrics,59399999,11-50,55
12871,Neon Labs,40000000,11-50,28
12877,FalconX,326999952,101-250,
12884,Buenbit,11000000,101-250,
12902,Hcash,53000000,11-50,
12916,MathWallet,19800000,11-50,
12923,Telcoin,10000000,1-10,11
12931,Hummingbot,14218300,51-100,
12941,Rare Bits,6000000,1-10,
12962,Bastion,11000000,,
12964,TenX,125170000,51-100,
12967,Parcl,3972465,11-50,13
12981,Rift Finance,18000000,1-10,10
13023,Swype,3750000,1-10,
13030,Odiggo,3041000,11-50,
13065,Blur,11000000,,
13118,Hawksight.co,4200000,11-50,
13148,A.L.I. Technologies Japan,21900387,,
13230,Gelato Network,12200000,1-10,2
13304,Bit.Country Network,40000000,11-50,
13318,Plutus,5000000,11-50,
13327,Meson Network,9400000,11-50,
13335,Alice,2000000,1-10,
13369,Sommelier,27500000,1-10,
13404,Evernym,16500000,51-100,
13406,SenseiNode,3600000,11-50,
13460,Bitfury Group,170000000,501-1000,140
13460,Bitfury Group,170000000,501-1000,92
13493,Chainflip,6000000,11-50,5
13503,The Sandbox,95000000,101-250,
13562,Sparrow,14190000,11-50,
13586,Flux Protocol,22020000,11-50,
13641,Sound,5000000,,
13681,HashCash Consultants,150000000,501-1000,
13687,Bitbuy,1239249,51-100,
13786,Iskra,34458711,,
13827,Metrika,17700000,11-50,11
13869,ArDrive,18800000,1-10,
13876,FUEL,1663729,1-10,12
13876,FUEL,1663729,1-10,7
13953,Panther Protocol,11300000,,5
13964,Infinite Objects,8080000,11-50,3
13967,Heroes of Mavia,8000000,,
13985,Foxbit,21130000,11-50,1
14004,Euler,8800000,1-10,
14031,INDODAX,1050000,101-250,
14035,Orbs,111000000,51-100,
14042,Sifchain Finance,3500000,11-50,
14059,Haruko,10133160,1-10,
14149,Brickken,2528128,11-50,
14178,SPiCE VC,40000000,,
14225,Hxro,49000000,11-50,
14312,CoinLoan,3050000,11-50,
14315,OriginTrail,22500000,1-10,
14316,KYVE,3800000,1-10,
14320,HiFi Bridge,4000000,1-10,
14330,Strips Finance,19500000,,
14349,Pillow,3000000,1-10,
14360,AlgoTrader,11821566,11-50,
14420,DMG Blockchain Solutions,100987637,11-50,
14466,Pundi X,35000000,11-50,8
14466,Pundi X,35000000,11-50,2
14467,Skuchain,12396341,11-50,2
14511,Jump Capital,,11-50,
14512,Soundmint,1700000,11-50,2
14530,PlanetWatch,12648832,11-50,
14552,GlobeDX,21150000,1-10,
14559,TabTrader,7442113,11-50,2
14574,Angelic,10000000,1-10,26
14577,Commonwealth Labs,5200000,1-10,6
14577,Commonwealth Labs,5200000,1-10,2
14622,FQX,6700000,11-50,
14651,Fabric Ventures,,11-50,
14661,Syndica,8000000,11-50,4
14672,Coinrule,3549715,11-50,
14700,R3,112000000,101-250,21
14701,Liquality,7000000,1-10,
14708,NDAX,1208573,11-50,
14729,BOSONIC,24740020,11-50,
14741,Prime Protocol,2750000,1-10,2
14783,Public.com,308500000,101-250,
14786,Kyro Digital Corp.,14417525,11-50,
14814,Global Blockchain,33725002,11-50,
14865,Blox,30075000,11-50,
14889,Levelfield Financial,9333800,11-50,
14898,Cent,3000000,1-10,
14912,Lightnet,80200000,11-50,
14952,Rare Circles,7500000,1-10,
15011,HOPR,2015000,11-50,
15041,Swim,4000000,1-10,3
15041,Swim,4000000,1-10,2
15057,Arival,10795375,11-50,
15070,Uniswap,,1-10,22
15117,Argo Mining,30732800,1-10,
15155,PoolTogether,8000000,1-10,
15156,Tokeny Solutions,11371966,11-50,
15167,AirSwap,36000000,11-50,
15262,Sentient.io,5156449,11-50,
15268,Swapin.com,3700000,11-50,
15281,CapiTrade Launchpad,20000000,1-10,
15329,SYNQA,40000000,11-50,
15330,Minterest,12020000,11-50,
15391,Layer1,52100000,11-50,
15398,Vertalo,7750000,11-50,4
15453,XDEFI Wallet,7200000,11-50,
15510,Nestcoin,6450000,11-50,11
15526,Gripnr,2500000,,
15529,Everyrealm,66250000,11-50,11
15530,MomentRanks,5900000,11-50,10
15532,Fiat Republic,3499643,1-10,
15544,CryptoTrader.Tax,6000000,1-10,
15584,VideoCoin Network,55000000,11-50,
15628,ObEN,23700000,11-50,
15632,edureka!,2000000,251-500,
15650,Cipher Mining,425000000,,
15683,Certora,7200000,11-50,
15687,Mycelium,11500000,11-50,37
15728,V-Art,425000,11-50,
15791,Flowty,4500000,1-10,
15798,BearTax,3200000,1-10,
15814,GoSats,700000,1-10,
15820,Wallex Bank & Statutory Trust,12340513,51-100,
15832,HyperLinq,1400000,11-50,
15832,Award Pool,2538502,1-10,
15888,bdeo,7405530,11-50,
15927,Cega,4300000,1-10,4
15942,Slope Finance,10300000,11-50,
16009,CyberHash,20000000,51-100,
16066,Young Platform,5517782,11-50,
16128,Layer3,2500000,1-10,
16140,YAS Digital Limited,5580000,11-50,
16157,Kyber Network,60350000,11-50,1
16188,Hedge,3700000,1-10,7
16188,Hedge,3700000,1-10,1
16211,XREX Inc.,24000000,51-100,1
16236,Risk Harbor,3500000,1-10,
16242,Primex Finance,5700000,11-50,
16252,Hatchfi,120000,1-10,
16260,Genesis Block,2055000,1-10,
16284,Hashed,,11-50,
16334,Defy,5500000,1-10,
16342,Zenus Bank,13930000,11-50,
16347,Mode,24609333,51-100,
16354,cheqd,3300000,1-10,1
16395,Unstoppable Finance,5209183,11-50,
16401,Voltz Labs,6000000,1-10,7
16408,Polymarket,4000000,1-10,2
16418,burstIQ,5875000,1-10,
16436,Blockparty,1000000,11-50,
16444,Anoma,6750000,11-50,3
16492,Hacken,2500000,51-100,
16518,WealthPark,40445232,11-50,
16565,Crypto Unicorns,26000000,1-10,
16582,Polkastarter,875000,1-10,
16658,Art Blocks,6000000,,
16667,UFIN,21000000,51-100,
16685,Akash Network,2000000,11-50,16
16693,Deep Discovery,6250000,1-10,
16705,Rvvup,9600000,11-50,
16769,TravelX,10000000,101-250,
16772,Torum,2571250,11-50,
16777,Geenee AR,11400000,11-50,
16816,Metaco,20010000,11-50,
16820,RateS,11500000,11-50,
16831,1World Online,29010104,11-50,
16896,Showtime,7600000,,12
16905,Octopus Network,8000000,11-50,
16912,Sequoir,1700000,1-10,
16928,Metaverse AI,6020000,51-100,
16936,Sapien,5000000,11-50,1
16960,Trisolaris,4500000,11-50,
16997,Router Protocol,4580000,1-10,1
17012,Efficient Frontier,2000000,11-50,
17072,Filebase,2000000,1-10,4
17094,Yoello,10800000,11-50,
17097,StarSharks,4900000,,
17112,NFTically,500000,11-50,10
17114,TradeIX,16000000,51-100,
17181,Sepior,17101129,11-50,
17181,XMargin,18164973,1-10,
17196,Blockware Solutions,2000000,1-10,
17236,Radicle,12000000,,
17268,BIT Mining Limited,70000000,251-500,
17277,Assembly,118000000,101-250,
17318,Immunefi,5500000,11-50,15
17328,Semiotic AI,60356000,1-10,
17366,TBCASoft,25000000,11-50,
17378,Graph Ventures,,1-10,
17381,Lyra Finance,3300000,1-10,
17440,Salad Ventures,15500000,101-250,1
17445,Blockchain.com,490000000,501-1000,268
17461,Mango Markets,70100000,,
17519,Veem,100250000,101-250,22
17534,ORIGYN Foundation,20000000,11-50,
17538,Arcane Crypto,6000000,11-50,
17564,Solscan,4000000,,
17595,B3i,22691038,11-50,
17626,SUN ZU Lab,1625283,1-10,
17657,Blinking,2524893,11-50,
17661,Trade Republic,995500000,501-1000,1
17731,Lucidity,16233567,11-50,
17733,Opolis,2553610,11-50,
17748,WingRiders,4500000,,
17772,Superblocks,856869,1-10,
17778,Soluna,3475000,1-10,
17828,Blockchain Intelligence Group,15447722,1-10,
17836,Doxa Holdings,2200000,11-50,
17843,Guild of Guardians,5300000,,
17844,Globacap,16600000,51-100,
17864,Athena Bitcoin,6304879,11-50,
17871,BENQI Finance,6000000,1-10,
17938,CHAMPtitles,18500000,11-50,
17952,Cybavo,4000000,11-50,
17967,Solend,32500000,,7
18057,CanYa,13500000,11-50,
18065,Alven,,11-50,
18089,Avalanche,,,
18120,ICONIUM,5716376,1-10,1
18162,Bluzelle,22300000,11-50,
18162,Keyrock,6111531,11-50,3
18166,Ex Populus,8500000,11-50,8
18200,Kaleido,255997,11-50,3
18242,Aura Network,2500000,251-500,
18267,peaq,3922715,11-50,37
18289,Node Capital,300000,1-10,
18291,Cyber,6700000,1-10,1
18297,Bitcoin Well,3917629,11-50,
18336,Ripio Credit Network,37000000,101-250,
18348,Oxygen.org,40200000,11-50,
18379,MovoCash,9000000,11-50,
18389,ShipChain,30000000,11-50,
18392,Liqi Digital Assets,5525144,51-100,
18436,Angle Protocol,5000000,,
18453,FlyCoin,33000000,251-500,
18520,Pontoro,6200000,1-10,2
18520,Pontoro,6200000,1-10,1
18541,deBridge Finance,5500000,1-10,
18544,Gear Technologies.,12000000,11-50,
18560,Lithium Finance,5000000,1-10,
18567,Prysm,3000000,1-10,2
18581,Digihost,66208241,,
18612,Draper Goren Holm,3000000,1-10,
18631,Bonifii,12750000,1-10,
18686,Dacoco,2000000,11-50,
18697,IndexZoo,2000000,1-10,
18705,NGRAVE,6450000,1-10,1
18706,AdHash,1340000,11-50,
18768,Komainu,25000000,11-50,
18801,Taurus Group SA,10945146,1-10,19
18804,iExec,12000000,11-50,
18823,4ARTechnologies AG,46000000,11-50,
18841,Cashaa,5000000,11-50,
18854,Bitbond,13195348,11-50,
18860,StreamingFast,63034272,11-50,
18885,SubQuery,10800000,11-50,1
18895,OneOneDay,2300000,11-50,
18978,Meow,5000000,,
18991,CryptoQuant,3256000,11-50,
19010,Poolin,10000000,51-100,
19038,Dogecoin,30000,1-10,
19076,Filament,22575232,1-10,
19082,we.trade,6637342,11-50,
19097,Proof of Impact,2300000,11-50,
19138,Kandola,450000,1-10,
19146,Social Good Foundation Inc.,14200000,11-50,
19190,Omniex,7500000,11-50,
19191,DFX Finance,5000000,1-10,
19201,Tezos,1000,10001-NaN,
19207,Basis,133000000,1-10,
19207,Hyype,3500000,1-10,
19245,Enso Finance,5000000,11-50,2
19261,WAVE BL,15100000,11-50,
19279,Fast Break Labs,6000000,11-50,
19292,MetaMask,,501-1000,133
19294,Stably Corporation,7225104,11-50,
19305,Agrotoken,5000000,11-50,
19320,AERGO,30000000,101-250,
19325,skew,6955000,11-50,
19347,Redefine-crypto,14000000,11-50,
19386,NAOS Finance,5100000,,
19414,Stake Technologies,12390377,1-10,
19449,Blockport,17337222,11-50,
19471,MyCointainer,6000000,11-50,
19495,CrowdForce,4000000,11-50,
19511,Hodlnaut,100000,11-50,8
19517,Rokfin,2120000,1-10,
19521,Nebeus,6272879,1-10,
19536,Nuo,3250000,11-50,
19538,Qtum,17000000,11-50,
19576,Centrality,95000000,51-100,
19633,Badger DAO,21000000,,
19644,Electroneum,40000000,11-50,
19661,Bitfy,2857677,11-50,
19686,Zero Hash,169850000,51-100,63
19692,TaxBit,235750000,101-250,84
19697,Beta Finance,5750000,1-10,
19702,PlayTreks,802199,11-50,
19721,Stex,5000000,11-50,
19747,Fluree,7480000,11-50,1
19771,GAMEE,4237332,11-50,
19772,Fluence Labs,9000000,1-10,
19804,Ovex,4000000,11-50,
19824,RealFevr,6524631,11-50,
19870,Cryptio,1200000,1-10,
19875,ICRYPEX,10000000,11-50,
19898,Trustology,8000000,11-50,
19963,Nexus Mutual,2959216,1-10,
19979,Ape Board,1200000,,
19984,NFTGo,6750000,11-50,2
19985,Aion,22000000,51-100,
19989,nft42,3660000,11-50,15
20014,Bitdeer Group,12000000,251-500,
20018,WhiteMatrix,15645290,,
20022,BlueYard Capital,,1-10,
20035,Atani,6950000,11-50,
20045,Kirobo,7200000,1-10,
20089,Adhara,14000000,11-50,
20098,Topl,4350000,11-50,1
20111,Syn City,8000000,,
20122,MyCrypto,4000000,11-50,1
20129,BasicBlock,4545000,11-50,
20185,Metaforo,4000000,1-10,
20191,Elite Mining,2109300,11-50,
20211,InsurAce Protocol,4000000,11-50,
20218,Vice Industry Token,22000000,11-50,
20289,Telos,8000000,11-50,
20308,Jassby,7900000,11-50,
20355,BlocPal International Inc.,15635115,101-250,
20375,Digital Catapult,1365266,101-250,
20380,Poolz,1000000,1-10,
20404,Snickerdoodle Labs,2400000,1-10,10
20425,LCX,8500000,51-100,3
20444,Diamond Standard,24000000,11-50,
20471,Metaverse Game Studios,10000000,11-50,3
20494,Cryptocurrencies.Ai,8000000,11-50,
20601,Borderless Capital,,1-10,
20621,MXC Foundation,26350660,11-50,
20621,Ground X,90000000,11-50,
20625,Maverick Protocol,9000000,11-50,
20633,Nested,7500000,11-50,
20660,Cindicator,15750000,11-50,
20754,Ambire,3200000,11-50,
20791,Nebula Genomics,4300000,11-50,
20795,Busha,4200000,11-50,1
20829,DigiShares,1100000,11-50,
20832,BloXroute Labs,90590000,11-50,29
20869,Eluvio,20000000,11-50,2
20896,MVL Chain,20000000,11-50,
20909,gumi Cryptos Capital (gCC),,1-10,
20911,Vinter,4501550,11-50,
20912,LayerX,27870421,11-50,
20948,BC Group,173887181,101-250,
20951,Valiu,6477000,11-50,
20953,Lootex,9000000,1-10,
20957,SheeldMarket,11080950,1-10,
20964,Holaplex,6000000,1-10,9
20972,Vibra,6000000,11-50,
20993,Async Art,2000000,1-10,12
21015,Overeality,5000000,,
21115,portto / Blocto,8820000,1-10,
21117,Nickel,22218,1-10,
21142,Jointer,12500000,11-50,
21196,Swash,19000000,1-10,1
21199,Easy Crypto,11758896,11-50,
21216,Defy Trends,2270000,11-50,2
21217,Caduceus,4000000,1-10,
21225,Colizeum,8400000,11-50,
21228,Canary Mining,15000000,1-10,
21272,EQIBank,9982901,11-50,
21274,SolarMente,2125000,11-50,
21286,Colony Lab,18500000,1-10,
21299,Acknoledger,1779475,11-50,
21332,HPOOL,433720,11-50,
21342,Dapp.com,2700000,11-50,
21360,The NAGA Group,14310970,101-250,
21369,1inch,189800000,51-100,3
21369,1inch,189800000,51-100,1
21379,Everipedia,30120000,11-50,
21381,Persistence One,3700000,11-50,
21405,Friktion Labs,5500000,,1
21412,Aventus Network Systems,20000000,11-50,
21440,DeFiner,3470000,1-10,1
21452,The Sun Exchange,11423224,11-50,
21552,Cozy Finance,2000000,1-10,3
21575,FCFL,8214293,11-50,
21631,CryptoLeague,2200000,11-50,
21671,Lemniscap,,1-10,
21693,Arcana Network,2675000,11-50,1
21709,Reach Platform,12000000,1-10,
21721,AcadArena,3727500,11-50,
21752,BigchainDB,5370000,11-50,
21755,Bitmama,751000,1-10,
21760,Everex,10500000,11-50,